<?xml version="1.0" encoding="UTF-8"?>
<metadata xml:lang="en"><Esri><CreaDate>20160328</CreaDate><CreaTime>16244200</CreaTime><ArcGISFormat>1.0</ArcGISFormat><ArcGISstyle>ISO 19139 Metadata Implementation Specification</ArcGISstyle><SyncOnce>TRUE</SyncOnce><DataProperties><lineage><Process ToolSource="c:\program files (x86)\arcgis\desktop10.2\ArcToolbox\Toolboxes\Analysis Tools.tbx\TableSelect" Date="20160328" Time="162442">TableSelect M:\GIS\ArcGIS_Team_Files\ARCSDE@DCP@SDE.sde\sde.dcp.PLUTO_not_in_nytls C:\MyFiles\Mappluto_16V1\MapPLUTO\cds\Manhattan\mn_pluto.dbf ""BoroCode" =1"</Process></lineage></DataProperties></Esri></metadata>
